Workbook
Name data: Table2[]
Name Slicer_Claims_Frequency: #N/A
Name Slicer_Client_Name: #N/A
Name Slicer_Final_Risk_Level: #N/A
Name Slicer_Industry: #N/A
Name Slicer_Industry1: #N/A
Name Slicer_Policy_Status: #N/A
Name Slicer_Policy_Type: #N/A
Name Slicer_Policy_Type1: #N/A
Name Slicer_Province: #N/A
Name Slicer_Province1: #N/A
Name Slicer_Risk_Level: #N/A
Name Slicer_Risk_Level1: #N/A

Sheet Policy Table 
A7: Policy ID | B7: Client Name | C7: Province | D7: Industry | E7: Policy Type | F7: Premium | G7: Coverage Limit | H7: Start Date | I7: End Date | J7: Policy Status | K7: Days Until Expiry | L7: Risk Level | M7: Claims Count | N7: Claims Frequency | O7: Final Risk Score | P7: Final Risk Level
A8: P1001 | B8: UrbanBuild Contractors | C8: AB | D8: Manufacturing | E8: Product Liability | F8: 34349 | G8: 3991816 | H8: 45805 | I8: 46153 | J8: {=_xlfn.IFS(Table2[[#This Row],[End Date]]-Dashboard!$Z$4>30, "Active",Table2[[#This Row],[End Date]]-Dashboard!$Z$4>0,"Expiring Soon",Table2[[#This Row],[End Date]]-Dashboard!$Z$4<=0,"Expired")} -> Expiring Soon | K8: =IF(Table2[[#This Row],[End Date]]-Dashboard!$Z$4<=0,"Expired",Table2[[#This Row],[End Date]]-Dashboard!$Z$4) -> 6 | L8: Medium | M8: 3 | N8: {=_xlfn.IFS(Table2[[#This Row],[Claims Count]]>=3,"High",Table2[[#This Row],[Claims Count]]>=1,"Medium",Table2[[#This Row],[Claims Count]]=0,"None")} -> High | O8: {=(_xlfn.IFS(Table2[[#This Row],[Risk Level ]]="High",3,Table2[[#This Row],[Risk Level ]]="Medium",2,Table2[[#This Row],[Risk Level ]]="Low",1))+(_xlfn.IFS(Table2[[#This Row],[ Claims Frequency ]]="High",3,Table2[[#This Row],[ Claims Frequency ]]="Medium",1,Table2[[#This Row],[ Claims Frequency ]]="None",0))} -> 5 | P8: {=_xlfn.IFS(Table2[[#This Row],[Final Risk Score ]]>=5,"High",Table2[[#This Row],[Final Risk Score ]]>=3,"Medium",Table2[[#This Row],[Final Risk Score ]]<=2,"Low")} -> High
A9: P1002 | B9: Coastal Shipping Ltd | C9: ON | D9: Construction | E9: Liability | F9: 13219 | G9: 8312832 | H9: 45802 | I9: 46038 | J9: {=_xlfn.IFS(Table2[[#This Row],[End Date]]-Dashboard!$Z$4>30, "Active",Table2[[#This Row],[End Date]]-Dashboard!$Z$4>0,"Expiring Soon",Table2[[#This Row],[End Date]]-Dashboard!$Z$4<=0,"Expired")} -> Expired | K9: =IF(Table2[[#This Row],[End Date]]-Dashboard!$Z$4<=0,"Expired",Table2[[#This Row],[End Date]]-Dashboard!$Z$4) -> Expired | L9: Low | M9: 4 | N9: {=_xlfn.IFS(Table2[[#This Row],[Claims Count]]>=3,"High",Table2[[#This Row],[Claims Count]]>=1,"Medium",Table2[[#This Row],[Claims Count]]=0,"None")} -> High | O9: {=(_xlfn.IFS(Table2[[#This Row],[Risk Level ]]="High",3,Table2[[#This Row],[Risk Level ]]="Medium",2,Table2[[#This Row],[Risk Level ]]="Low",1))+(_xlfn.IFS(Table2[[#This Row],[ Claims Frequency ]]="High",3,Table2[[#This Row],[ Claims Frequency ]]="Medium",1,Table2[[#This Row],[ Claims Frequency ]]="None",0))} -> 4 | P9: {=_xlfn.IFS(Table2[[#This Row],[Final Risk Score ]]>=5,"High",Table2[[#This Row],[Final Risk Score ]]>=3,"Medium",Table2[[#This Row],[Final Risk Score ]]<=2,"Low")} -> Medium
A10: P1003 | B10: Metro Auto Repairs | C10: ON | D10: Energy | E10: Liability | F10: 8260 | G10: 5365959 | H10: 45968 | I10: 46260 | J10: {=_xlfn.IFS(Table2[[#This Row],[End Date]]-Dashboard!$Z$4>30, "Active",Table2[[#This Row],[End Date]]-Dashboard!$Z$4>0,"Expiring Soon",Table2[[#This Row],[End Date]]-Dashboard!$Z$4<=0,"Expired")} -> Active | K10: =IF(Table2[[#This Row],[End Date]]-Dashboard!$Z$4<=0,"Expired",Table2[[#This Row],[End Date]]-Dashboard!$Z$4) -> 113 | L10: Medium | M10: 1 | N10: {=_xlfn.IFS(Table2[[#This Row],[Claims Count]]>=3,"High",Table2[[#This Row],[Claims Count]]>=1,"Medium",Table2[[#This Row],[Claims Count]]=0,"None")} -> Medium | O10: {=(_xlfn.IFS(Table2[[#This Row],[Risk Level ]]="High",3,Table2[[#This Row],[Risk Level ]]="Medium",2,Table2[[#This Row],[Risk Level ]]="Low",1))+(_xlfn.IFS(Table2[[#This Row],[ Claims Frequency ]]="High",3,Table2[[#This Row],[ Claims Frequency ]]="Medium",1,Table2[[#This Row],[ Claims Frequency ]]="None",0))} -> 3 | P10: {=_xlfn.IFS(Table2[[#This Row],[Final Risk Score ]]>=5,"High",Table2[[#This Row],[Final Risk Score ]]>=3,"Medium",Table2[[#This Row],[Final Risk Score ]]<=2,"Low")} -> Medium
A11: P1004 | B11: SilverLine Transport | C11: MB | D11: Agriculture | E11: Product Liability | F11: 15929 | G11: 1004168 | H11: 45957 | I11: 46057 | J11: {=_xlfn.IFS(Table2[[#This Row],[End Date]]-Dashboard!$Z$4>30, "Active",Table2[[#This Row],[End Date]]-Dashboard!$Z$4>0,"Expiring Soon",Table2[[#This Row],[End Date]]-Dashboard!$Z$4<=0,"Expired")} -> Expired | K11: =IF(Table2[[#This Row],[End Date]]-Dashboard!$Z$4<=0,"Expired",Table2[[#This Row],[End Date]]-Dashboard!$Z$4) -> Expired | L11: Medium | M11: 2 | N11: {=_xlfn.IFS(Table2[[#This Row],[Claims Count]]>=3,"High",Table2[[#This Row],[Claims Count]]>=1,"Medium",Table2[[#This Row],[Claims Count]]=0,"None")} -> Medium | O11: {=(_xlfn.IFS(Table2[[#This Row],[Risk Level ]]="High",3,Table2[[#This Row],[Risk Level ]]="Medium",2,Table2[[#This Row],[Risk Level ]]="Low",1))+(_xlfn.IFS(Table2[[#This Row],[ Claims Frequency ]]="High",3,Table2[[#This Row],[ Claims Frequency ]]="Medium",1,Table2[[#This Row],[ Claims Frequency ]]="None",0))} -> 3 | P11: {=_xlfn.IFS(Table2[[#This Row],[Final Risk Score ]]>=5,"High",Table2[[#This Row],[Final Risk Score ]]>=3,"Medium",Table2[[#This Row],[Final Risk Score ]]<=2,"Low")} -> Medium
A12: P1005 | B12: BlueSky Developers | C12: MB | D12: Technology | E12: Liability | F12: 10076 | G12: 7171705 | H12: 45902 | I12: 46115 | J12: {=_xlfn.IFS(Table2[[#This Row],[End Date]]-Dashboard!$Z$4>30, "Active",Table2[[#This Row],[End Date]]-Dashboard!$Z$4>0,"Expiring Soon",Table2[[#This Row],[End Date]]-Dashboard!$Z$4<=0,"Expired")} -> Expired | K12: =IF(Table2[[#This Row],[End Date]]-Dashboard!$Z$4<=0,"Expired",Table2[[#This Row],[End Date]]-Dashboard!$Z$4) -> Expired | L12: Low | M12: 6 | N12: {=_xlfn.IFS(Table2[[#This Row],[Claims Count]]>=3,"High",Table2[[#This Row],[Claims Count]]>=1,"Medium",Table2[[#This Row],[Claims Count]]=0,"None")} -> High | O12: {=(_xlfn.IFS(Table2[[#This Row],[Risk Level ]]="High",3,Table2[[#This Row],[Risk Level ]]="Medium",2,Table2[[#This Row],[Risk Level ]]="Low",1))+(_xlfn.IFS(Table2[[#This Row],[ Claims Frequency ]]="High",3,Table2[[#This Row],[ Claims Frequency ]]="Medium",1,Table2[[#This Row],[ Claims Frequency ]]="None",0))} -> 4 | P12: {=_xlfn.IFS(Table2[[#This Row],[Final Risk Score ]]>=5,"High",Table2[[#This Row],[Final Risk Score ]]>=3,"Medium",Table2[[#This Row],[Final Risk Score ]]<=2,"Low")} -> Medium
A13: P1006 | B13: Sunrise Farms | C13: MB | D13: Technology | E13: Product Liability | F13: 30283 | G13: 3825695 | H13: 45950 | I13: 46188 | J13: {=_xlfn.IFS(Table2[[#This Row],[End Date]]-Dashboard!$Z$4>30, "Active",Table2[[#This Row],[End Date]]-Dashboard!$Z$4>0,"Expiring Soon",Table2[[#This Row],[End Date]]-Dashboard!$Z$4<=0,"Expired")} -> Active | K13: =IF(Table2[[#This Row],[End Date]]-Dashboard!$Z$4<=0,"Expired",Table2[[#This Row],[End Date]]-Dashboard!$Z$4) -> 41 | L13: Medium | M13: 4 | N13: {=_xlfn.IFS(Table2[[#This Row],[Claims Count]]>=3,"High",Table2[[#This Row],[Claims Count]]>=1,"Medium",Table2[[#This Row],[Claims Count]]=0,"None")} -> High | O13: {=(_xlfn.IFS(Table2[[#This Row],[Risk Level ]]="High",3,Table2[[#This Row],[Risk Level ]]="Medium",2,Table2[[#This Row],[Risk Level ]]="Low",1))+(_xlfn.IFS(Table2[[#This Row],[ Claims Frequency ]]="High",3,Table2[[#This Row],[ Claims Frequency ]]="Medium",1,Table2[[#This Row],[ Claims Frequency ]]="None",0))} -> 5 | P13: {=_xlfn.IFS(Table2[[#This Row],[Final Risk Score ]]>=5,"High",Table2[[#This Row],[Final Risk Score ]]>=3,"Medium",Table2[[#This Row],[Final Risk Score ]]<=2,"Low")} -> High
A14: P1007 | B14: Coastal Shipping Ltd | C14: BC | D14: Manufacturing | E14: Auto | F14: 11431 | G14: 7261724 | H14: 45831 | I14: 46245 | J14: {=_xlfn.IFS(Table2[[#This Row],[End Date]]-Dashboard!$Z$4>30, "Active",Table2[[#This Row],[End Date]]-Dashboard!$Z$4>0,"Expiring Soon",Table2[[#This Row],[End Date]]-Dashboard!$Z$4<=0,"Expired")} -> Active | K14: =IF(Table2[[#This Row],[End Date]]-Dashboard!$Z$4<=0,"Expired",Table2[[#This Row],[End Date]]-Dashboard!$Z$4) -> 98 | L14: Medium | M14: 2 | N14: {=_xlfn.IFS(Table2[[#This Row],[Claims Count]]>=3,"High",Table2[[#This Row],[Claims Count]]>=1,"Medium",Table2[[#This Row],[Claims Count]]=0,"None")} -> Medium | O14: {=(_xlfn.IFS(Table2[[#This Row],[Risk Level ]]="High",3,Table2[[#This Row],[Risk Level ]]="Medium",2,Table2[[#This Row],[Risk Level ]]="Low",1))+(_xlfn.IFS(Table2[[#This Row],[ Claims Frequency ]]="High",3,Table2[[#This Row],[ Claims Frequency ]]="Medium",1,Table2[[#This Row],[ Claims Frequency ]]="None",0))} -> 3 | P14: {=_xlfn.IFS(Table2[[#This Row],[Final Risk Score ]]>=5,"High",Table2[[#This Row],[Final Risk Score ]]>=3,"Medium",Table2[[#This Row],[Final Risk Score ]]<=2,"Low")} -> Medium
A15: P1008 | B15: OceanView Hotels | C15: AB | D15: Energy | E15: Product Liability | F15: 15311 | G15: 6753132 | H15: 45672 | I15: 46367 | J15: {=_xlfn.IFS(Table2[[#This Row],[End Date]]-Dashboard!$Z$4>30, "Active",Table2[[#This Row],[End Date]]-Dashboard!$Z$4>0,"Expiring Soon",Table2[[#This Row],[End Date]]-Dashboard!$Z$4<=0,"Expired")} -> Active | K15: =IF(Table2[[#This Row],[End Date]]-Dashboard!$Z$4<=0,"Expired",Table2[[#This Row],[End Date]]-Dashboard!$Z$4) -> 220 | L15: Low | M15: 1 | N15: {=_xlfn.IFS(Table2[[#This Row],[Claims Count]]>=3,"High",Table2[[#This Row],[Claims Count]]>=1,"Medium",Table2[[#This Row],[Claims Count]]=0,"None")} -> Medium | O15: {=(_xlfn.IFS(Table2[[#This Row],[Risk Level ]]="High",3,Table2[[#This Row],[Risk Level ]]="Medium",2,Table2[[#This Row],[Risk Level ]]="Low",1))+(_xlfn.IFS(Table2[[#This Row],[ Claims Frequency ]]="High",3,Table2[[#This Row],[ Claims Frequency ]]="Medium",1,Table2[[#This Row],[ Claims Frequency ]]="None",0))} -> 2 | P15: {=_xlfn.IFS(Table2[[#This Row],[Final Risk Score ]]>=5,"High",Table2[[#This Row],[Final Risk Score ]]>=3,"Medium",Table2[[#This Row],[Final Risk Score ]]<=2,"Low")} -> Low
A16: P1009 | B16: Sunrise Farms | C16: MB | D16: Energy | E16: Auto | F16: 31834 | G16: 2964443 | H16: 46007 | I16: 46143 | J16: {=_xlfn.IFS(Table2[[#This Row],[End Date]]-Dashboard!$Z$4>30, "Active",Table2[[#This Row],[End Date]]-Dashboard!$Z$4>0,"Expiring Soon",Table2[[#This Row],[End Date]]-Dashboard!$Z$4<=0,"Expired")} -> Expired | K16: =IF(Table2[[#This Row],[End Date]]-Dashboard!$Z$4<=0,"Expired",Table2[[#This Row],[End Date]]-Dashboard!$Z$4) -> Expired | L16: High | M16: 1 | N16: {=_xlfn.IFS(Table2[[#This Row],[Claims Count]]>=3,"High",Table2[[#This Row],[Claims Count]]>=1,"Medium",Table2[[#This Row],[Claims Count]]=0,"None")} -> Medium | O16: {=(_xlfn.IFS(Table2[[#This Row],[Risk Level ]]="High",3,Table2[[#This Row],[Risk Level ]]="Medium",2,Table2[[#This Row],[Risk Level ]]="Low",1))+(_xlfn.IFS(Table2[[#This Row],[ Claims Frequency ]]="High",3,Table2[[#This Row],[ Claims Frequency ]]="Medium",1,Table2[[#This Row],[ Claims Frequency ]]="None",0))} -> 4 | P16: {=_xlfn.IFS(Table2[[#This Row],[Final Risk Score ]]>=5,"High",Table2[[#This Row],[Final Risk Score ]]>=3,"Medium",Table2[[#This Row],[Final Risk Score ]]<=2,"Low")} -> Medium
A17: P1010 | B17: QuickCart Grocery | C17: AB | D17: Healthcare | E17: Product Liability | F17: 23990 | G17: 3489252 | H17: 45950 | I17: 46191 | J17: {=_xlfn.IFS(Table2[[#This Row],[End Date]]-Dashboard!$Z$4>30, "Active",Table2[[#This Row],[End Date]]-Dashboard!$Z$4>0,"Expiring Soon",Table2[[#This Row],[End Date]]-Dashboard!$Z$4<=0,"Expired")} -> Active | K17: =IF(Table2[[#This Row],[End Date]]-Dashboard!$Z$4<=0,"Expired",Table2[[#This Row],[End Date]]-Dashboard!$Z$4) -> 44 | L17: Low | M17: 3 | N17: {=_xlfn.IFS(Table2[[#This Row],[Claims Count]]>=3,"High",Table2[[#This Row],[Claims Count]]>=1,"Medium",Table2[[#This Row],[Claims Count]]=0,"None")} -> High | O17: {=(_xlfn.IFS(Table2[[#This Row],[Risk Level ]]="High",3,Table2[[#This Row],[Risk Level ]]="Medium",2,Table2[[#This Row],[Risk Level ]]="Low",1))+(_xlfn.IFS(Table2[[#This Row],[ Claims Frequency ]]="High",3,Table2[[#This Row],[ Claims Frequency ]]="Medium",1,Table2[[#This Row],[ Claims Frequency ]]="None",0))} -> 4 | P17: {=_xlfn.IFS(Table2[[#This Row],[Final Risk Score ]]>=5,"High",Table2[[#This Row],[Final Risk Score ]]>=3,"Medium",Table2[[#This Row],[Final Risk Score ]]<=2,"Low")} -> Medium
A18: P1011 | B18: BlueSky Developers | C18: AB | D18: Hospitality | E18: Liability | F18: 35759 | G18: 1538810 | H18: 45950 | I18: 46300 | J18: {=_xlfn.IFS(Table2[[#This Row],[End Date]]-Dashboard!$Z$4>30, "Active",Table2[[#This Row],[End Date]]-Dashboard!$Z$4>0,"Expiring Soon",Table2[[#This Row],[End Date]]-Dashboard!$Z$4<=0,"Expired")} -> Active | K18: =IF(Table2[[#This Row],[End Date]]-Dashboard!$Z$4<=0,"Expired",Table2[[#This Row],[End Date]]-Dashboard!$Z$4) -> 153 | L18: Medium | M18: 1 | N18: {=_xlfn.IFS(Table2[[#This Row],[Claims Count]]>=3,"High",Table2[[#This Row],[Claims Count]]>=1,"Medium",Table2[[#This Row],[Claims Count]]=0,"None")} -> Medium | O18: {=(_xlfn.IFS(Table2[[#This Row],[Risk Level ]]="High",3,Table2[[#This Row],[Risk Level ]]="Medium",2,Table2[[#This Row],[Risk Level ]]="Low",1))+(_xlfn.IFS(Table2[[#This Row],[ Claims Frequency ]]="High",3,Table2[[#This Row],[ Claims Frequency ]]="Medium",1,Table2[[#This Row],[ Claims Frequency ]]="None",0))} -> 3 | P18: {=_xlfn.IFS(Table2[[#This Row],[Final Risk Score ]]>=5,"High",Table2[[#This Row],[Final Risk Score ]]>=3,"Medium",Table2[[#This Row],[Final Risk Score ]]<=2,"Low")} -> Medium
A19: P1012 | B19: Vertex Health Systems | C19: BC | D19: Manufacturing | E19: Liability | F19: 6038 | G19: 6451997 | H19: 45998 | I19: 46167 | J19: {=_xlfn.IFS(Table2[[#This Row],[End Date]]-Dashboard!$Z$4>30, "Active",Table2[[#This Row],[End Date]]-Dashboard!$Z$4>0,"Expiring Soon",Table2[[#This Row],[End Date]]-Dashboard!$Z$4<=0,"Expired")} -> Expiring Soon | K19: =IF(Table2[[#This Row],[End Date]]-Dashboard!$Z$4<=0,"Expired",Table2[[#This Row],[End Date]]-Dashboard!$Z$4) -> 20 | L19: Medium | M19: 5 | N19: {=_xlfn.IFS(Table2[[#This Row],[Claims Count]]>=3,"High",Table2[[#This Row],[Claims Count]]>=1,"Medium",Table2[[#This Row],[Claims Count]]=0,"None")} -> High | O19: {=(_xlfn.IFS(Table2[[#This Row],[Risk Level ]]="High",3,Table2[[#This Row],[Risk Level ]]="Medium",2,Table2[[#This Row],[Risk Level ]]="Low",1))+(_xlfn.IFS(Table2[[#This Row],[ Claims Frequency ]]="High",3,Table2[[#This Row],[ Claims Frequency ]]="Medium",1,Table2[[#This Row],[ Claims Frequency ]]="None",0))} -> 5 | P19: {=_xlfn.IFS(Table2[[#This Row],[Final Risk Score ]]>=5,"High",Table2[[#This Row],[Final Risk Score ]]>=3,"Medium",Table2[[#This Row],[Final Risk Score ]]<=2,"Low")} -> High
... A208: P1201 | B208: Sunrise Farms | C208: BC | D208: Healthcare | E208: Property | F208: 18987.89 | G208: 5468189 | H208: 45666 | I208: 46198 | J208: {=_xlfn.IFS(Table2[[#This Row],[End Date]]-Dashboard!$Z$4>30, "Active",Table2[[#This Row],[End Date]]-Dashboard!$Z$4>0,"Expiring Soon",Table2[[#This Row],[End Date]]-Dashboard!$Z$4<=0,"Expired")} -> Active | K208: =IF(Table2[[#This Row],[End Date]]-Dashboard!$Z$4<=0,"Expired",Table2[[#This Row],[End Date]]-Dashboard!$Z$4) -> 51 | L208: Medium | M208: 5 | N208: {=_xlfn.IFS(Table2[[#This Row],[Claims Count]]>=3,"High",Table2[[#This Row],[Claims Count]]>=1,"Medium",Table2[[#This Row],[Claims Count]]=0,"None")} -> High | O208: {=(_xlfn.IFS(Table2[[#This Row],[Risk Level ]]="High",3,Table2[[#This Row],[Risk Level ]]="Medium",2,Table2[[#This Row],[Risk Level ]]="Low",1))+(_xlfn.IFS(Table2[[#This Row],[ Claims Frequency ]]="High",3,Table2[[#This Row],[ Claims Frequency ]]="Medium",1,Table2[[#This Row],[ Claims Frequency ]]="None",0))} -> 5 | P208: {=_xlfn.IFS(Table2[[#This Row],[Final Risk Score ]]>=5,"High",Table2[[#This Row],[Final Risk Score ]]>=3,"Medium",Table2[[#This Row],[Final Risk Score ]]<=2,"Low")} -> High

Sheet Dashboard
B3: TOTAL POLICIES | F3: TOTAL PREMIUM | J3: AVERAGE PREMIUM | N3: TOTAL CLAIMS | R3: POLICIES EXPIRING SOON (WITHIN 30 DAYS) | V3: (FINAL) HIGH-RISK POLICIES | Z3: Today's Date
B4: ='KPI calculations'!C4 -> 201 | F4: ='KPI calculations'!C5 -> 4512140.9 | J4: ='KPI calculations'!C6 -> 22448.462 | N4: ='KPI calculations'!C7 -> 597 | R4: ='KPI calculations'!C9 -> 16 | V4: ='KPI calculations'!C8 -> 68 | Z4: =TODAY()-45 -> 46147
N29: ="(FINAL) High-Risk policies represent "&'KPI calculations'!E8&"% of the total portfolio" -> (FINAL) High-Risk policies represent 33.8% of the total portfolio
N31: ='KPI calculations'!E9&"% of policies are expiring soon (within 30 days)" -> 8% of policies are expiring soon (within 30 days)

Sheet KPI calculations
B2: Key Performance Indicator (KPI) | C2: Value | E2: unique risk levels
E3: {=_xlfn.VSTACK(_xlfn.CHOOSEROWS(_xlfn.UNIQUE(Table2[[Risk Level ]]),2),_xlfn.CHOOSEROWS(_xlfn.UNIQUE(Table2[[Risk Level ]]),1),_xlfn.CHOOSEROWS(_xlfn.UNIQUE(Table2[[Risk Level ]]),3))} -> Low
B4: Total Policies | C4: =COUNTA(Table2[Policy ID]) -> 201 | E4: Medium
B5: Total Premium | C5: =SUM(Table2[Premium]) -> 4512140.9 | E5: High
B6: Average Premium | C6: =AVERAGE(Table2[Premium]) -> 22448.462
B7: Total Claims | C7: =SUM(Table2[Claims Count]) -> 597
B8: High-Concern Policies | C8: =COUNTIF(Table2[Final Risk Level], "High") -> 68 | D8: % of portfolio | E8: =ROUND(((C8/C4)*100),1) -> 33.8
B9: Expiring Policies (within 30 days) | C9: =COUNTIF(Table2[[Policy Status ]],"Expiring Soon") -> 16 | D9: % of portfolio | E9: =ROUND(((C9/C4)*100),1) -> 8

Sheet PivotTables 
B2: Industry | C2: Total Premium | E2: Province | F2: Total Claims
B3: Manufacturing | C3: 554082 | E3: MB | F3: 183
B4: Healthcare | C4: 518385.89 | E4: AB | F4: 173
B5: Agriculture | C5: 510761 | E5: BC | F5: 126
B6: Construction | C6: 501205 | E6: ON | F6: 115
B7: Hospitality | C7: 495899 | E7: Grand Total | F7: 597
B8: Energy | C8: 458636
B9: Engineering | C9: 451590
B10: Retail | C10: 410548
B11: Transportation | C11: 324289 | E11: Policy Type | F11: Total Policy Count
B12: Technology | C12: 286745 | E12: Auto | F12: 38
B13: Grand Total | C13: 4512140.9 | E13: Liability | F13: 38
E14: Marine | F14: 39
E15: Product Liability | F15: 42
B16: Final Risk Level | C16: Number of Policies | E16: Property | F16: 44
B17: Low | C17: 36 | E17: Grand Total | F17: 201
B18: Medium | C18: 97
B19: High | C19: 68
B20: Grand Total | C20: 201
